{
  "blend": {
    "func": "add",
    "srcrgb": "srcalpha",
    "dstrgb": "1-srcalpha"
  },
  "vertex": "kawase_blur",
  "fragment": "kawase_blur",
  "attributes": [
    "Position"
  ],
  "samplers": [
    {
      "name": "DiffuseSampler"
    }
  ],
  "uniforms": [
    {
      "name": "ProjMat",
      "type": "matrix4x4",
      "count": 16,
      "values": [
        1.0,
        0.0,
        0.0,
        0.0,
        0.0,
        1.0,
        0.0,
        0.0,
        0.0,
        0.0,
        1.0,
        0.0,
        0.0,
        0.0,
        0.0,
        1.0
      ]
    },
    {
      "name": "InSize",
      "type": "float",
      "count": 2,
      "values": [
        1.0,
        1.0
      ]
    },
    {
      "name": "multiplier",
      "type": "float",
      "count": 1,
      "values": [
        1.0
      ]
    },
    {
      "name": "baseOffset",
      "type": "float",
      "count": 1,
      "values": [
        0.5
      ]
    }
  ]
}
